{"cameraMode":{"drawMode":0,"name":"Shaded","section":"Shading Mode"},"sceneLighting":false,"audioPlay":false,"sceneViewState":{"m_AlwaysRefresh":false,"showFog":true,"showSkybox":false,"showFlares":true,"showImageEffects":true,"showParticleSystems":true,"showVisualEffectGraphs":true,"m_FxEnabled":true},"in2DMode":false,"pivot":{"x":-21.8701229095459,"y":5.125821113586426,"z":-90.64922332763672},"rotation":{"x":0.05516117811203003,"y":-0.002085440792143345,"z":-0.00010730927169788629,"w":-0.9984575510025024},"size":1.309580683708191,"orthographic":false}