{"cameraMode":{"drawMode":0,"name":"Shaded","section":"Shading Mode"},"sceneLighting":true,"audioPlay":false,"sceneViewState":{"m_AlwaysRefresh":false,"showFog":true,"showSkybox":true,"showFlares":true,"showImageEffects":true,"showParticleSystems":true,"showVisualEffectGraphs":true,"m_FxEnabled":true},"in2DMode":false,"pivot":{"x":0.760719358921051,"y":10.31689167022705,"z":-50.98482131958008},"rotation":{"x":-0.055161911994218829,"y":0.001493580173701048,"z":0.00008274032734334469,"w":0.9984757900238037},"size":12.12435531616211,"orthographic":false}