{"cameraMode":{"drawMode":0,"name":"Shaded","section":"Shading Mode"},"sceneLighting":false,"audioPlay":false,"sceneViewState":{"m_AlwaysRefresh":false,"showFog":true,"showSkybox":false,"showFlares":true,"showImageEffects":true,"showParticleSystems":true,"showVisualEffectGraphs":true,"m_FxEnabled":true},"in2DMode":false,"pivot":{"x":529.0678100585938,"y":297.48345947265627,"z":-2.5350000858306886},"rotation":{"x":-0.07373064756393433,"y":0.0173639003187418,"z":-0.001275831600651145,"w":-0.9971092939376831},"size":1.5812101364135743,"orthographic":false}