{"cameraMode":{"drawMode":0,"name":"Shaded","section":"Shading Mode"},"sceneLighting":false,"audioPlay":false,"sceneViewState":{"m_AlwaysRefresh":false,"showFog":true,"showSkybox":false,"showFlares":true,"showImageEffects":true,"showParticleSystems":true,"showVisualEffectGraphs":true,"m_FxEnabled":true},"in2DMode":false,"pivot":{"x":0.02593863010406494,"y":-0.016547441482543947,"z":-2.549999952316284},"rotation":{"x":-0.14461100101470948,"y":0.47063738107681277,"z":-0.07852402329444885,"w":-0.8668257594108582},"size":1.622702717781067,"orthographic":false}